level,dof,error1,error2
1,9,2.50000000,7.57858283e-01
2,25,6.25000000,5.00000000e-01
3,81,1.56250000,2.87174589e-01
4,289,3.906,1.43587294e-015
6,4225,2.4414,1.69802322e-02
7,16641,-6,8.20091159e-03
8,66049,1,3.90625000e-03
9,263169,3,1.95312500e-03
10,1050625,9.536743,9.76562500e-04